Dataset,N Samples,N Features,Linearity Score (SVMlin/SVMrbf),Mean |Feature Corr|,Fisher Ratio,Intrinsic Dim (95% PCA),Noise Estimate (LR CV std)
BreastCancer,569,30,0.9964121698172934,0.39489662556591254,1.8827710792638996,1,0.006539441283506109
Wine,178,13,0.9712671508293949,0.3049574813503491,,1,0.01360827634879544
HeartDisease,1025,13,0.9058201057218557,0.13646031853104967,0.07670634474181699,3,0.027868988989435507
PimaDiabetes,768,8,1.0033583279729947,0.17165678897092654,0.06332363087692977,2,0.024742737050396143
CreditCard(10%),28481,30,1.0005977520170553,0.02119926594897462,0.01946764841996972,1,0.0005038627005107017
